image_path,study_id,biopsy_num,step_size,expo_time,frame_number
LSM001_1a_300_19.tif,LSM001,1a,0.1,0.3,19
LSM001_1a_300_20.tif,LSM001,1a,0.1,0.3,20
LSM001_1a_300_21.tif,LSM001,1a,0.1,0.3,21
LSM001_1a_300_22.tif,LSM001,1a,0.1,0.3,22
LSM001_1a_300_23.tif,LSM001,1a,0.1,0.3,23
LSM001_1a_300_24.tif,LSM001,1a,0.1,0.3,24
LSM001_1a_300_25.tif,LSM001,1a,0.1,0.3,25
LSM001_1a_300_26.tif,LSM001,1a,0.1,0.3,26
LSM001_1a_300_27.tif,LSM001,1a,0.1,0.3,27
LSM001_1a_300_28.tif,LSM001,1a,0.1,0.3,28
LSM001_2a_300_7.tif,LSM001,2a,0.1,0.3,7
LSM001_2a_300_8.tif,LSM001,2a,0.1,0.3,8
LSM001_2a_300_9.tif,LSM001,2a,0.1,0.3,9
LSM001_3a_250_10.tif,LSM001,3a,0.1,0.25,10
LSM001_3a_250_11.tif,LSM001,3a,0.1,0.25,11
LSM001_3a_250_12.tif,LSM001,3a,0.1,0.25,12
LSM001_3a_250_14.tif,LSM001,3a,0.1,0.25,14
LSM001_3a_250_2.tif,LSM001,3a,0.1,0.25,2
LSM001_3a_250_23.tif,LSM001,3a,0.1,0.25,23
LSM001_3a_250_24.tif,LSM001,3a,0.1,0.25,24
LSM001_3a_250_3.tif,LSM001,3a,0.1,0.25,3
LSM001_3a_250_4.tif,LSM001,3a,0.1,0.25,4
LSM001_3a_250_5.tif,LSM001,3a,0.1,0.25,5
LSM001_3a_250_6.tif,LSM001,3a,0.1,0.25,6
LSM001_3a_250_7.tif,LSM001,3a,0.1,0.25,7
LSM001_3a_250_8.tif,LSM001,3a,0.1,0.25,8
LSM001_3a_250_9.tif,LSM001,3a,0.1,0.25,9
LSM001_3b_200_12.tif,LSM001,3b,0.1,0.2,12
LSM001_3b_200_13.tif,LSM001,3b,0.1,0.2,13
LSM001_3b_200_14.tif,LSM001,3b,0.1,0.2,14
LSM001_3b_200_15.tif,LSM001,3b,0.1,0.2,15
LSM001_3b_200_16.tif,LSM001,3b,0.1,0.2,16
LSM001_3b_200_17.tif,LSM001,3b,0.1,0.2,17
LSM001_3b_200_18.tif,LSM001,3b,0.1,0.2,18
LSM001_3b_200_19.tif,LSM001,3b,0.1,0.2,19
LSM001_3b_200_20.tif,LSM001,3b,0.1,0.2,20
LSM001_3b_200_21.tif,LSM001,3b,0.1,0.2,21
LSM001_3b_200_22.tif,LSM001,3b,0.1,0.2,22
LSM001_3b_200_23.tif,LSM001,3b,0.1,0.2,23
LSM001_3b_200_24.tif,LSM001,3b,0.1,0.2,24
LSM001_3b_200_25.tif,LSM001,3b,0.1,0.2,25
LSM001_3b_200_26.tif,LSM001,3b,0.1,0.2,26
LSM001_3b_200_27.tif,LSM001,3b,0.1,0.2,27
LSM002_1_200_13.tif,LSM002,1,0.1,0.2,13
LSM002_1_200_14.tif,LSM002,1,0.1,0.2,14
LSM002_1_200_15.tif,LSM002,1,0.1,0.2,15
LSM002_1_200_16.tif,LSM002,1,0.1,0.2,16
LSM002_1_200_17.tif,LSM002,1,0.1,0.2,17
LSM002_1_200_18.tif,LSM002,1,0.1,0.2,18
LSM002_1_200_19.tif,LSM002,1,0.1,0.2,19
LSM002_1_200_20.tif,LSM002,1,0.1,0.2,20
LSM002_1_200_21.tif,LSM002,1,0.1,0.2,21
LSM002_1_200_22.tif,LSM002,1,0.1,0.2,22
LSM002_1_200_23.tif,LSM002,1,0.1,0.2,23
LSM002_1_200_24.tif,LSM002,1,0.1,0.2,24
LSM002_1_200_25.tif,LSM002,1,0.1,0.2,25
LSM002_1_200_26.tif,LSM002,1,0.1,0.2,26
LSM002_1_200_27.tif,LSM002,1,0.1,0.2,27
LSM002_1_200_28.tif,LSM002,1,0.1,0.2,28
LSM002_1_200_29.tif,LSM002,1,0.1,0.2,29
LSM002_1_200_30.tif,LSM002,1,0.1,0.2,30
LSM002_1_200_31.tif,LSM002,1,0.1,0.2,31
LSM002_1_200_32.tif,LSM002,1,0.1,0.2,32
LSM002_1_200_33.tif,LSM002,1,0.1,0.2,33
LSM002_2_200_16.tif,LSM002,2,0.1,0.2,16
LSM002_2_200_17.tif,LSM002,2,0.1,0.2,17
LSM002_2_200_18.tif,LSM002,2,0.1,0.2,18
LSM002_2_200_19.tif,LSM002,2,0.1,0.2,19
LSM002_2_200_20.tif,LSM002,2,0.1,0.2,20
LSM002_2_200_22.tif,LSM002,2,0.1,0.2,22
LSM002_2_200_24.tif,LSM002,2,0.1,0.2,24
LSM002_2_200_27.tif,LSM002,2,0.1,0.2,27
LSM002_2_200_28.tif,LSM002,2,0.1,0.2,28
LSM002_2_200_29.tif,LSM002,2,0.1,0.2,29
LSM002_2_200_30.tif,LSM002,2,0.1,0.2,30
LSM002_2_200_31.tif,LSM002,2,0.1,0.2,31
LSM002_2_200_32.tif,LSM002,2,0.1,0.2,32
LSM002_2_200_33.tif,LSM002,2,0.1,0.2,33
LSM002_2_200_34.tif,LSM002,2,0.1,0.2,34
LSM002_2_200_35.tif,LSM002,2,0.1,0.2,35
LSM002_2_200_36.tif,LSM002,2,0.1,0.2,36
LSM002_2_200_37.tif,LSM002,2,0.1,0.2,37
LSM002_2_200_38.tif,LSM002,2,0.1,0.2,38
LSM002_3_300_28.tif,LSM002,3,0.1,0.3,28
LSM002_3_300_29.tif,LSM002,3,0.1,0.3,29
LSM002_3_300_32.tif,LSM002,3,0.1,0.3,32
LSM002_4_400_27.tif,LSM002,4,0.1,0.4,27
LSM005_1_200_11.tif,LSM005,1,0.1,0.2,11
LSM005_1_200_12.tif,LSM005,1,0.1,0.2,12
LSM005_1_200_13.tif,LSM005,1,0.1,0.2,13
LSM005_1_200_14.tif,LSM005,1,0.1,0.2,14
LSM005_1_200_15.tif,LSM005,1,0.1,0.2,15
LSM005_1_200_16.tif,LSM005,1,0.1,0.2,16
LSM005_1_200_17.tif,LSM005,1,0.1,0.2,17
LSM005_1_200_18.tif,LSM005,1,0.1,0.2,18
LSM005_1_200_19.tif,LSM005,1,0.1,0.2,19
LSM005_1_200_20.tif,LSM005,1,0.1,0.2,20
LSM005_1_200_21.tif,LSM005,1,0.1,0.2,21
LSM005_1_200_22.tif,LSM005,1,0.1,0.2,22
LSM005_1_200_23.tif,LSM005,1,0.1,0.2,23
LSM005_1_200_30.tif,LSM005,1,0.1,0.2,30
LSM005_1_200_31.tif,LSM005,1,0.1,0.2,31
LSM005_1_200_33.tif,LSM005,1,0.1,0.2,33
LSM005_1_200_34.tif,LSM005,1,0.1,0.2,34
LSM005_1_200_35.tif,LSM005,1,0.1,0.2,35
LSM005_1_200_36.tif,LSM005,1,0.1,0.2,36
LSM005_2_200_10.tif,LSM005,2,0.1,0.2,10
LSM005_2_200_19.tif,LSM005,2,0.1,0.2,19
LSM005_2_200_20.tif,LSM005,2,0.1,0.2,20
LSM005_2_200_21.tif,LSM005,2,0.1,0.2,21
LSM005_2_200_22.tif,LSM005,2,0.1,0.2,22
LSM005_2_200_23.tif,LSM005,2,0.1,0.2,23
LSM005_2_200_34.tif,LSM005,2,0.1,0.2,34
LSM005_2_200_8.tif,LSM005,2,0.1,0.2,8
LSM005_2_200_9.tif,LSM005,2,0.1,0.2,9
LSM005_3_200_0.tif,LSM005,3,0.1,0.2,0
LSM005_3_200_1.tif,LSM005,3,0.1,0.2,1
LSM005_3_200_2.tif,LSM005,3,0.1,0.2,2
LSM006_1_200_11.tif,LSM006,1,0.1,0.2,11
LSM006_1_200_12.tif,LSM006,1,0.1,0.2,12
LSM006_1_200_13.tif,LSM006,1,0.1,0.2,13
LSM006_1_200_14.tif,LSM006,1,0.1,0.2,14
LSM006_1_200_15.tif,LSM006,1,0.1,0.2,15
LSM006_1_200_16.tif,LSM006,1,0.1,0.2,16
LSM006_1_200_18.tif,LSM006,1,0.1,0.2,18
LSM006_1_200_19.tif,LSM006,1,0.1,0.2,19
LSM006_1_200_20.tif,LSM006,1,0.1,0.2,20
LSM006_1_200_21.tif,LSM006,1,0.1,0.2,21
LSM006_1_200_22.tif,LSM006,1,0.1,0.2,22
LSM006_1_200_23.tif,LSM006,1,0.1,0.2,23
LSM006_1_200_24.tif,LSM006,1,0.1,0.2,24
LSM006_1_200_25.tif,LSM006,1,0.1,0.2,25
LSM006_1_200_26.tif,LSM006,1,0.1,0.2,26
LSM006_1_200_27.tif,LSM006,1,0.1,0.2,27
LSM006_1_200_28.tif,LSM006,1,0.1,0.2,28
LSM006_1_200_29.tif,LSM006,1,0.1,0.2,29
LSM006_1_200_30.tif,LSM006,1,0.1,0.2,30
LSM006_2_200_10.tif,LSM006,2,0.1,0.2,10
LSM006_2_200_11.tif,LSM006,2,0.1,0.2,11
LSM006_2_200_12.tif,LSM006,2,0.1,0.2,12
LSM006_2_200_13.tif,LSM006,2,0.1,0.2,13
LSM006_2_200_14.tif,LSM006,2,0.1,0.2,14
LSM006_2_200_15.tif,LSM006,2,0.1,0.2,15
LSM006_2_200_16.tif,LSM006,2,0.1,0.2,16
LSM006_2_200_17.tif,LSM006,2,0.1,0.2,17
LSM006_2_200_18.tif,LSM006,2,0.1,0.2,18
LSM006_2_200_19.tif,LSM006,2,0.1,0.2,19
LSM006_2_200_20.tif,LSM006,2,0.1,0.2,20
LSM006_2_200_21.tif,LSM006,2,0.1,0.2,21
LSM006_2_200_22.tif,LSM006,2,0.1,0.2,22
LSM006_2_200_9.tif,LSM006,2,0.1,0.2,9
LSM006_3_150_10.tif,LSM006,3,0.1,0.15,10
LSM006_3_150_12.tif,LSM006,3,0.1,0.15,12
LSM006_3_150_23.tif,LSM006,3,0.1,0.15,23
LSM006_3_150_24.tif,LSM006,3,0.1,0.15,24
LSM006_3_150_26.tif,LSM006,3,0.1,0.15,26
LSM006_3_150_27.tif,LSM006,3,0.1,0.15,27
LSM006_3_150_28.tif,LSM006,3,0.1,0.15,28
LSM006_3_150_29.tif,LSM006,3,0.1,0.15,29
LSM006_3_150_34.tif,LSM006,3,0.1,0.15,34
LSM006_3_150_35.tif,LSM006,3,0.1,0.15,35
LSM006_3_150_36.tif,LSM006,3,0.1,0.15,36
LSM006_3_150_37.tif,LSM006,3,0.1,0.15,37
LSM007_1_100_27.tif,LSM007,1,0.1,0.1,27
LSM007_2_200_30.tif,LSM007,2,0.1,0.2,30
LSM007_2_200_31.tif,LSM007,2,0.1,0.2,31
LSM007_2_200_54.tif,LSM007,2,0.1,0.2,54
LSM007_3_75_28.tif,LSM007,3,0.1,0.075,28
LSM007_4_200_10.tif,LSM007,4,0.1,0.2,10
LSM007_4_200_11.tif,LSM007,4,0.1,0.2,11
LSM007_4_200_12.tif,LSM007,4,0.1,0.2,12
LSM007_4_200_13.tif,LSM007,4,0.1,0.2,13
LSM007_4_200_14.tif,LSM007,4,0.1,0.2,14
LSM007_4_200_15.tif,LSM007,4,0.1,0.2,15
LSM007_4_200_16.tif,LSM007,4,0.1,0.2,16
LSM007_4_200_21.tif,LSM007,4,0.1,0.2,21
LSM007_4_200_22.tif,LSM007,4,0.1,0.2,22
LSM007_4_200_23.tif,LSM007,4,0.1,0.2,23
LSM007_4_200_24.tif,LSM007,4,0.1,0.2,24
LSM007_4_200_25.tif,LSM007,4,0.1,0.2,25
LSM007_4_200_27.tif,LSM007,4,0.1,0.2,27
LSM007_4_200_28.tif,LSM007,4,0.1,0.2,28
LSM007_4_200_4.tif,LSM007,4,0.1,0.2,4
LSM007_4_200_5.tif,LSM007,4,0.1,0.2,5
LSM007_4_200_6.tif,LSM007,4,0.1,0.2,6
LSM007_4_200_7.tif,LSM007,4,0.1,0.2,7
LSM007_4_200_8.tif,LSM007,4,0.1,0.2,8
LSM007_4_200_9.tif,LSM007,4,0.1,0.2,9
LSM008_1_200_16.tif,LSM008,1,0.1,0.2,16
LSM008_1_200_17.tif,LSM008,1,0.1,0.2,17
LSM008_1_200_18.tif,LSM008,1,0.1,0.2,18
LSM008_1_200_19.tif,LSM008,1,0.1,0.2,19
LSM008_1_200_20.tif,LSM008,1,0.1,0.2,20
LSM008_1_200_21.tif,LSM008,1,0.1,0.2,21
LSM008_1_200_24.tif,LSM008,1,0.1,0.2,24
LSM008_1_200_25.tif,LSM008,1,0.1,0.2,25
LSM008_1_200_26.tif,LSM008,1,0.1,0.2,26
LSM008_1_200_27.tif,LSM008,1,0.1,0.2,27
LSM008_2_200_17.tif,LSM008,2,0.1,0.2,17
LSM008_2_200_18.tif,LSM008,2,0.1,0.2,18
LSM008_2_200_19.tif,LSM008,2,0.1,0.2,19
LSM008_2_200_20.tif,LSM008,2,0.1,0.2,20
LSM008_2_200_21.tif,LSM008,2,0.1,0.2,21
LSM008_2_200_22.tif,LSM008,2,0.1,0.2,22
LSM008_2_200_35.tif,LSM008,2,0.1,0.2,35
LSM008_2_200_37.tif,LSM008,2,0.1,0.2,37
LSM008_2_200_38.tif,LSM008,2,0.1,0.2,38
LSM008_2_200_39.tif,LSM008,2,0.1,0.2,39
LSM008_2_200_42.tif,LSM008,2,0.1,0.2,42
LSM008_3_200_19.tif,LSM008,3,0.1,0.2,19
LSM008_3_200_20.tif,LSM008,3,0.1,0.2,20
LSM008_3_200_21.tif,LSM008,3,0.1,0.2,21
LSM008_3_200_23.tif,LSM008,3,0.1,0.2,23
LSM008_3_200_24.tif,LSM008,3,0.1,0.2,24
LSM008_3_200_25.tif,LSM008,3,0.1,0.2,25
LSM008_3_200_26.tif,LSM008,3,0.1,0.2,26
LSM008_4_200_11.tif,LSM008,4,0.1,0.2,11
LSM008_4_200_12.tif,LSM008,4,0.1,0.2,12
LSM008_4_200_13.tif,LSM008,4,0.1,0.2,13
LSM008_4_200_14.tif,LSM008,4,0.1,0.2,14
LSM008_4_200_15.tif,LSM008,4,0.1,0.2,15
LSM008_4_200_16.tif,LSM008,4,0.1,0.2,16
LSM008_4_200_17.tif,LSM008,4,0.1,0.2,17
LSM008_4_200_18.tif,LSM008,4,0.1,0.2,18
LSM008_4_200_19.tif,LSM008,4,0.1,0.2,19
LSM008_4_200_20.tif,LSM008,4,0.1,0.2,20
LSM008_4_200_21.tif,LSM008,4,0.1,0.2,21
LSM008_4_200_22.tif,LSM008,4,0.1,0.2,22
LSM008_4_200_23.tif,LSM008,4,0.1,0.2,23
LSM008_4_200_24.tif,LSM008,4,0.1,0.2,24
LSM008_4_200_25.tif,LSM008,4,0.1,0.2,25
LSM008_4_200_26.tif,LSM008,4,0.1,0.2,26
LSM008_4_200_27.tif,LSM008,4,0.1,0.2,27
LSM008_5_200_40.tif,LSM008,5,0.1,0.2,40
LSM008_5_200_41.tif,LSM008,5,0.1,0.2,41
LSM008_5_200_42.tif,LSM008,5,0.1,0.2,42
LSM008_5_200_43.tif,LSM008,5,0.1,0.2,43
LSM009_1_200_10.tif,LSM009,1,0.1,0.2,10
LSM009_1_200_11.tif,LSM009,1,0.1,0.2,11
LSM009_1_200_13.tif,LSM009,1,0.1,0.2,13
LSM009_1_200_15.tif,LSM009,1,0.1,0.2,15
LSM009_1_200_23.tif,LSM009,1,0.1,0.2,23
LSM009_1_200_25.tif,LSM009,1,0.1,0.2,25
LSM009_1_200_4.tif,LSM009,1,0.1,0.2,4
LSM009_1_200_8.tif,LSM009,1,0.1,0.2,8
LSM009_1_200_9.tif,LSM009,1,0.1,0.2,9
LSM009_2_200_14.tif,LSM009,2,0.1,0.2,14
LSM009_2_200_15.tif,LSM009,2,0.1,0.2,15
LSM009_2_200_16.tif,LSM009,2,0.1,0.2,16
LSM009_2_200_17.tif,LSM009,2,0.1,0.2,17
LSM009_2_200_18.tif,LSM009,2,0.1,0.2,18
LSM009_2_200_19.tif,LSM009,2,0.1,0.2,19
LSM009_2_200_20.tif,LSM009,2,0.1,0.2,20
LSM009_2_200_21.tif,LSM009,2,0.1,0.2,21
LSM009_2_200_22.tif,LSM009,2,0.1,0.2,22
LSM009_3_200_12.tif,LSM009,3,0.1,0.2,12
LSM009_3_200_13.tif,LSM009,3,0.1,0.2,13
LSM009_3_200_14.tif,LSM009,3,0.1,0.2,14
LSM009_3_200_15.tif,LSM009,3,0.1,0.2,15
LSM009_3_200_16.tif,LSM009,3,0.1,0.2,16
LSM009_3_200_17.tif,LSM009,3,0.1,0.2,17
LSM009_3_200_18.tif,LSM009,3,0.1,0.2,18
LSM009_3_200_19.tif,LSM009,3,0.1,0.2,19
LSM009_3_200_20.tif,LSM009,3,0.1,0.2,20
LSM009_3_200_21.tif,LSM009,3,0.1,0.2,21
LSM009_3_200_22.tif,LSM009,3,0.1,0.2,22
LSM009_3_200_23.tif,LSM009,3,0.1,0.2,23
LSM009_3_200_24.tif,LSM009,3,0.1,0.2,24
LSM009_3_200_25.tif,LSM009,3,0.1,0.2,25
LSM009_3_200_26.tif,LSM009,3,0.1,0.2,26
LSM009_3_200_27.tif,LSM009,3,0.1,0.2,27
LSM009_3_200_28.tif,LSM009,3,0.1,0.2,28
LSM009_3_200_29.tif,LSM009,3,0.1,0.2,29
LSM009_3_200_30.tif,LSM009,3,0.1,0.2,30
LSM009_3_200_31.tif,LSM009,3,0.1,0.2,31
LSM009_3_200_5.tif,LSM009,3,0.1,0.2,5
LSM009_3_200_7.tif,LSM009,3,0.1,0.2,7
LSM009_3_200_8.tif,LSM009,3,0.1,0.2,8
LSM009_4_200_21.tif,LSM009,4,0.1,0.2,21
LSM009_4_200_22.tif,LSM009,4,0.1,0.2,22
LSM009_4_200_23.tif,LSM009,4,0.1,0.2,23
LSM009_4_200_24.tif,LSM009,4,0.1,0.2,24
LSM009_4_200_28.tif,LSM009,4,0.1,0.2,28
LSM009_4_200_29.tif,LSM009,4,0.1,0.2,29
LSM009_4_200_30.tif,LSM009,4,0.1,0.2,30
LSM009_4_200_41.tif,LSM009,4,0.1,0.2,41
LSM009_4_200_42.tif,LSM009,4,0.1,0.2,42
LSM009_4_200_43.tif,LSM009,4,0.1,0.2,43
LSM009_4_200_44.tif,LSM009,4,0.1,0.2,44
LSM009_4_200_45.tif,LSM009,4,0.1,0.2,45
LSM009_4_200_46.tif,LSM009,4,0.1,0.2,46
LSM009_4_200_8.tif,LSM009,4,0.1,0.2,8
LSM009_4_200_9.tif,LSM009,4,0.1,0.2,9
LSM010_1_250_18.tif,LSM010,1,0.1,0.25,18
LSM010_1_250_19.tif,LSM010,1,0.1,0.25,19
LSM010_1_250_2.tif,LSM010,1,0.1,0.25,2
LSM010_1_250_20.tif,LSM010,1,0.1,0.25,20
LSM010_1_250_21.tif,LSM010,1,0.1,0.25,21
LSM010_1_250_22.tif,LSM010,1,0.1,0.25,22
LSM010_1_250_23.tif,LSM010,1,0.1,0.25,23
LSM010_1_250_26.tif,LSM010,1,0.1,0.25,26
LSM010_1_250_27.tif,LSM010,1,0.1,0.25,27
LSM010_1_250_3.tif,LSM010,1,0.1,0.25,3
LSM010_1_250_4.tif,LSM010,1,0.1,0.25,4
LSM010_1_250_5.tif,LSM010,1,0.1,0.25,5
LSM010_1_250_6.tif,LSM010,1,0.1,0.25,6
LSM011_1_100_37.tif,LSM011,1,0.1,0.1,37
LSM011_1_100_39.tif,LSM011,1,0.1,0.1,39
LSM011_1_100_52.tif,LSM011,1,0.1,0.1,52
LSM011_1_100_53.tif,LSM011,1,0.1,0.1,53
LSM011_1_100_54.tif,LSM011,1,0.1,0.1,54
LSM011_2_200_10.tif,LSM011,2,0.1,0.2,10
LSM011_2_200_11.tif,LSM011,2,0.1,0.2,11
LSM011_2_200_12.tif,LSM011,2,0.1,0.2,12
LSM011_2_200_13.tif,LSM011,2,0.1,0.2,13
LSM011_2_200_14.tif,LSM011,2,0.1,0.2,14
LSM011_2_200_15.tif,LSM011,2,0.1,0.2,15
LSM011_2_200_16.tif,LSM011,2,0.1,0.2,16
LSM011_2_200_17.tif,LSM011,2,0.1,0.2,17
LSM011_2_200_8.tif,LSM011,2,0.1,0.2,8
LSM011_2_200_9.tif,LSM011,2,0.1,0.2,9
LSM011_3_200_0.tif,LSM011,3,0.1,0.2,0
LSM011_3_200_1.tif,LSM011,3,0.1,0.2,1
LSM011_3_200_10.tif,LSM011,3,0.1,0.2,10
LSM011_3_200_11.tif,LSM011,3,0.1,0.2,11
LSM011_3_200_12.tif,LSM011,3,0.1,0.2,12
LSM011_3_200_2.tif,LSM011,3,0.1,0.2,2
LSM011_3_200_3.tif,LSM011,3,0.1,0.2,3
LSM011_3_200_6.tif,LSM011,3,0.1,0.2,6
LSM011_3_200_7.tif,LSM011,3,0.1,0.2,7
LSM011_3_200_8.tif,LSM011,3,0.1,0.2,8
LSM011_3_200_9.tif,LSM011,3,0.1,0.2,9
LSM012_1_100_21.tif,LSM012,1,0.1,0.1,21
LSM012_1_100_22.tif,LSM012,1,0.1,0.1,22
LSM012_1_100_23.tif,LSM012,1,0.1,0.1,23
LSM012_1_100_24.tif,LSM012,1,0.1,0.1,24
LSM012_1_100_25.tif,LSM012,1,0.1,0.1,25
LSM012_2_100_23.tif,LSM012,2,0.1,0.1,23
LSM012_2_100_24.tif,LSM012,2,0.1,0.1,24
LSM012_2_100_25.tif,LSM012,2,0.1,0.1,25
LSM012_2_100_26.tif,LSM012,2,0.1,0.1,26
LSM012_3_100_11.tif,LSM012,3,0.1,0.1,11
LSM012_3_100_12.tif,LSM012,3,0.1,0.1,12
LSM012_3_100_13.tif,LSM012,3,0.1,0.1,13
LSM012_3_100_14.tif,LSM012,3,0.1,0.1,14
LSM012_3_100_15.tif,LSM012,3,0.1,0.1,15
LSM012_3_100_41.tif,LSM012,3,0.1,0.1,41
LSM012_3_100_42.tif,LSM012,3,0.1,0.1,42
LSM012_3_100_9.tif,LSM012,3,0.1,0.1,9
LSM013_1_100_27.tif,LSM013,1,0.1,0.1,27
LSM013_2_100_12.tif,LSM013,2,0.1,0.1,12
LSM013_2_100_16.tif,LSM013,2,0.1,0.1,16
LSM013_2_100_17.tif,LSM013,2,0.1,0.1,17
LSM013_2_100_18.tif,LSM013,2,0.1,0.1,18
LSM013_2_100_19.tif,LSM013,2,0.1,0.1,19
LSM013_2_100_20.tif,LSM013,2,0.1,0.1,20
LSM013_2_100_21.tif,LSM013,2,0.1,0.1,21
LSM013_2_100_22.tif,LSM013,2,0.1,0.1,22
LSM013_2_100_24.tif,LSM013,2,0.1,0.1,24
LSM013_2_100_6.tif,LSM013,2,0.1,0.1,6
LSM013_2_100_7.tif,LSM013,2,0.1,0.1,7
LSM013_2_100_8.tif,LSM013,2,0.1,0.1,8
LSM013_2_100_9.tif,LSM013,2,0.1,0.1,9
LSM013_3_100_15.tif,LSM013,3,0.1,0.1,15
LSM013_3_100_16.tif,LSM013,3,0.1,0.1,16
LSM013_3_100_17.tif,LSM013,3,0.1,0.1,17
LSM013_3_100_18.tif,LSM013,3,0.1,0.1,18
LSM013_3_100_19.tif,LSM013,3,0.1,0.1,19
LSM013_4_100_10.tif,LSM013,4,0.1,0.1,10
LSM013_4_100_11.tif,LSM013,4,0.1,0.1,11
LSM013_4_100_12.tif,LSM013,4,0.1,0.1,12
LSM013_4_100_13.tif,LSM013,4,0.1,0.1,13
LSM013_4_100_14.tif,LSM013,4,0.1,0.1,14
LSM013_4_100_15.tif,LSM013,4,0.1,0.1,15
LSM013_4_100_16.tif,LSM013,4,0.1,0.1,16
LSM013_4_100_19.tif,LSM013,4,0.1,0.1,19
LSM013_4_100_20.tif,LSM013,4,0.1,0.1,20
LSM013_4_100_21.tif,LSM013,4,0.1,0.1,21
LSM013_4_100_22.tif,LSM013,4,0.1,0.1,22
LSM013_4_100_8.tif,LSM013,4,0.1,0.1,8
LSM013_4_100_9.tif,LSM013,4,0.1,0.1,9
LSM013_5_100_27.tif,LSM013,5,0.1,0.1,27
LSM013_5_100_28.tif,LSM013,5,0.1,0.1,28
LSM013_6_100_10.tif,LSM013,6,0.1,0.1,10
LSM013_6_100_11.tif,LSM013,6,0.1,0.1,11
LSM013_6_100_12.tif,LSM013,6,0.1,0.1,12
LSM013_6_100_13.tif,LSM013,6,0.1,0.1,13
LSM013_6_100_14.tif,LSM013,6,0.1,0.1,14
LSM013_6_100_15.tif,LSM013,6,0.1,0.1,15
LSM013_6_100_16.tif,LSM013,6,0.1,0.1,16
LSM013_6_100_17.tif,LSM013,6,0.1,0.1,17
LSM013_6_100_18.tif,LSM013,6,0.1,0.1,18
LSM013_6_100_19.tif,LSM013,6,0.1,0.1,19
LSM013_6_100_28.tif,LSM013,6,0.1,0.1,28
LSM013_6_100_29.tif,LSM013,6,0.1,0.1,29
LSM013_6_100_34.tif,LSM013,6,0.1,0.1,34
LSM013_6_100_9.tif,LSM013,6,0.1,0.1,9
LSM013_7_200_13.tif,LSM013,7,0.1,0.2,13
LSM013_7_200_14.tif,LSM013,7,0.1,0.2,14
LSM013_7_200_15.tif,LSM013,7,0.1,0.2,15
LSM013_7_200_16.tif,LSM013,7,0.1,0.2,16
LSM013_7_200_18.tif,LSM013,7,0.1,0.2,18
LSM013_7_200_19.tif,LSM013,7,0.1,0.2,19
LSM013_7_200_20.tif,LSM013,7,0.1,0.2,20
LSM013_7_200_21.tif,LSM013,7,0.1,0.2,21
LSM013_7_200_22.tif,LSM013,7,0.1,0.2,22
LSM013_7_200_23.tif,LSM013,7,0.1,0.2,23
LSM013_7_200_25.tif,LSM013,7,0.1,0.2,25
LSM014_1_100_27.tif,LSM014,1,0.1,0.1,27
LSM014_1_100_49.tif,LSM014,1,0.1,0.1,49
LSM014_2_100_18.tif,LSM014,2,0.1,0.1,18
LSM014_2_100_20.tif,LSM014,2,0.1,0.1,20
LSM014_2_100_21.tif,LSM014,2,0.1,0.1,21
LSM014_2_100_5.tif,LSM014,2,0.1,0.1,5
LSM014_2_100_6.tif,LSM014,2,0.1,0.1,6
LSM014_2_100_9.tif,LSM014,2,0.1,0.1,9
LSM014_3_100_4.tif,LSM014,3,0.1,0.1,4
LSM014_3_100_5.tif,LSM014,3,0.1,0.1,5
LSM014_4_200_24.tif,LSM014,4,0.1,0.2,24
LSM014_4_200_25.tif,LSM014,4,0.1,0.2,25
LSM014_4_200_9.tif,LSM014,4,0.1,0.2,9
LSM014_5_150_10.tif,LSM014,5,0.1,0.15,10
LSM014_5_150_11.tif,LSM014,5,0.1,0.15,11
LSM014_5_150_15.tif,LSM014,5,0.1,0.15,15
LSM014_5_150_16.tif,LSM014,5,0.1,0.15,16
LSM014_5_150_17.tif,LSM014,5,0.1,0.15,17
LSM014_5_150_18.tif,LSM014,5,0.1,0.15,18
LSM014_5_150_19.tif,LSM014,5,0.1,0.15,19
LSM014_5_150_22.tif,LSM014,5,0.1,0.15,22
LSM014_5_150_23.tif,LSM014,5,0.1,0.15,23
LSM014_5_150_24.tif,LSM014,5,0.1,0.15,24
LSM014_5_150_25.tif,LSM014,5,0.1,0.15,25
LSM014_5_150_26.tif,LSM014,5,0.1,0.15,26
LSM014_5_150_27.tif,LSM014,5,0.1,0.15,27
LSM014_5_150_29.tif,LSM014,5,0.1,0.15,29
LSM014_5_150_30.tif,LSM014,5,0.1,0.15,30
LSM014_5_150_31.tif,LSM014,5,0.1,0.15,31
LSM014_5_150_32.tif,LSM014,5,0.1,0.15,32
LSM014_5_150_33.tif,LSM014,5,0.1,0.15,33
LSM014_5_150_34.tif,LSM014,5,0.1,0.15,34
LSM014_5_150_9.tif,LSM014,5,0.1,0.15,9
LSM015_1_150_18.tif,LSM015,1,0.1,0.15,18
LSM015_2_150_10.tif,LSM015,2,0.1,0.15,10
LSM015_2_150_15.tif,LSM015,2,0.1,0.15,15
LSM015_2_150_16.tif,LSM015,2,0.1,0.15,16
LSM015_2_150_17.tif,LSM015,2,0.1,0.15,17
LSM015_2_150_20.tif,LSM015,2,0.1,0.15,20
LSM015_2_150_21.tif,LSM015,2,0.1,0.15,21
LSM015_2_150_22.tif,LSM015,2,0.1,0.15,22
LSM015_2_150_8.tif,LSM015,2,0.1,0.15,8
LSM015_2_150_9.tif,LSM015,2,0.1,0.15,9
LSM015_3_200_10.tif,LSM015,3,0.1,0.2,10
LSM015_3_200_11.tif,LSM015,3,0.1,0.2,11
LSM015_3_200_12.tif,LSM015,3,0.1,0.2,12
LSM015_3_200_14.tif,LSM015,3,0.1,0.2,14
LSM015_3_200_15.tif,LSM015,3,0.1,0.2,15
LSM015_3_200_16.tif,LSM015,3,0.1,0.2,16
LSM015_3_200_21.tif,LSM015,3,0.1,0.2,21
LSM015_3_200_22.tif,LSM015,3,0.1,0.2,22
LSM016_1_100_27.tif,LSM016,1,0.1,0.1,27
LSM017_1_150_16.tif,LSM017,1,0.1,0.15,16
LSM017_1_150_17.tif,LSM017,1,0.1,0.15,17
LSM017_1_150_18.tif,LSM017,1,0.1,0.15,18
LSM017_1_150_19.tif,LSM017,1,0.1,0.15,19
LSM017_1_150_20.tif,LSM017,1,0.1,0.15,20
LSM017_1_150_21.tif,LSM017,1,0.1,0.15,21
LSM017_1_150_22.tif,LSM017,1,0.1,0.15,22
LSM017_2_150_10.tif,LSM017,2,0.1,0.15,10
LSM017_2_150_11.tif,LSM017,2,0.1,0.15,11
LSM017_2_150_13.tif,LSM017,2,0.1,0.15,13
LSM017_2_150_14.tif,LSM017,2,0.1,0.15,14
LSM017_2_150_16.tif,LSM017,2,0.1,0.15,16
LSM017_2_150_17.tif,LSM017,2,0.1,0.15,17
LSM017_2_150_18.tif,LSM017,2,0.1,0.15,18
LSM017_2_150_19.tif,LSM017,2,0.1,0.15,19
LSM017_2_150_20.tif,LSM017,2,0.1,0.15,20
LSM017_2_150_21.tif,LSM017,2,0.1,0.15,21
LSM017_2_150_22.tif,LSM017,2,0.1,0.15,22
LSM017_2_150_30.tif,LSM017,2,0.1,0.15,30
LSM017_2_150_31.tif,LSM017,2,0.1,0.15,31
LSM017_2_150_32.tif,LSM017,2,0.1,0.15,32
LSM017_2_150_33.tif,LSM017,2,0.1,0.15,33
LSM017_2_150_34.tif,LSM017,2,0.1,0.15,34
LSM017_2_150_36.tif,LSM017,2,0.1,0.15,36
LSM017_2_150_38.tif,LSM017,2,0.1,0.15,38
LSM017_2_150_5.tif,LSM017,2,0.1,0.15,5
LSM017_2_150_6.tif,LSM017,2,0.1,0.15,6
LSM017_3_150_1.tif,LSM017,3,0.1,0.15,1
LSM017_3_150_11.tif,LSM017,3,0.1,0.15,11
LSM017_3_150_12.tif,LSM017,3,0.1,0.15,12
LSM017_3_150_13.tif,LSM017,3,0.1,0.15,13
LSM017_3_150_14.tif,LSM017,3,0.1,0.15,14
LSM017_3_150_15.tif,LSM017,3,0.1,0.15,15
LSM017_3_150_16.tif,LSM017,3,0.1,0.15,16
LSM017_3_150_19.tif,LSM017,3,0.1,0.15,19
LSM017_3_150_2.tif,LSM017,3,0.1,0.15,2
LSM017_3_150_20.tif,LSM017,3,0.1,0.15,20
LSM017_3_150_3.tif,LSM017,3,0.1,0.15,3
LSM017_3_150_4.tif,LSM017,3,0.1,0.15,4
LSM017_3_150_5.tif,LSM017,3,0.1,0.15,5
LSM017_3_150_6.tif,LSM017,3,0.1,0.15,6
LSM017_3_150_7.tif,LSM017,3,0.1,0.15,7
LSM017_3_150_8.tif,LSM017,3,0.1,0.15,8
LSM017_3_150_9.tif,LSM017,3,0.1,0.15,9
LSM017_4_150_15.tif,LSM017,4,0.1,0.15,15
LSM017_4_150_16.tif,LSM017,4,0.1,0.15,16
LSM017_4_150_27.tif,LSM017,4,0.1,0.15,27
LSM017_4_150_28.tif,LSM017,4,0.1,0.15,28
LSM017_4_150_30.tif,LSM017,4,0.1,0.15,30
LSM017_4_150_33.tif,LSM017,4,0.1,0.15,33
LSM017_5_150_10.tif,LSM017,5,0.1,0.15,10
LSM017_5_150_12.tif,LSM017,5,0.1,0.15,12
LSM017_5_150_14.tif,LSM017,5,0.1,0.15,14
LSM017_5_150_15.tif,LSM017,5,0.1,0.15,15
LSM017_5_150_16.tif,LSM017,5,0.1,0.15,16
LSM017_5_150_17.tif,LSM017,5,0.1,0.15,17
LSM017_5_150_18.tif,LSM017,5,0.1,0.15,18
LSM017_5_150_8.tif,LSM017,5,0.1,0.15,8
LSM017_5_150_9.tif,LSM017,5,0.1,0.15,9
LSM018_1_100_10.tif,LSM018,1,0.1,0.1,10
LSM018_1_100_11.tif,LSM018,1,0.1,0.1,11
LSM018_1_100_12.tif,LSM018,1,0.1,0.1,12
LSM018_1_100_13.tif,LSM018,1,0.1,0.1,13
LSM018_1_100_14.tif,LSM018,1,0.1,0.1,14
LSM018_1_100_15.tif,LSM018,1,0.1,0.1,15
LSM018_1_100_16.tif,LSM018,1,0.1,0.1,16
LSM018_1_100_18.tif,LSM018,1,0.1,0.1,18
LSM018_1_100_19.tif,LSM018,1,0.1,0.1,19
LSM018_1_100_20.tif,LSM018,1,0.1,0.1,20
LSM018_1_100_21.tif,LSM018,1,0.1,0.1,21
LSM018_1_100_25.tif,LSM018,1,0.1,0.1,25
LSM018_1_100_7.tif,LSM018,1,0.1,0.1,7
LSM018_1_100_8.tif,LSM018,1,0.1,0.1,8
LSM018_1_100_9.tif,LSM018,1,0.1,0.1,9
LSM018_2_100_10.tif,LSM018,2,0.1,0.1,10
LSM018_2_100_11.tif,LSM018,2,0.1,0.1,11
LSM018_2_100_12.tif,LSM018,2,0.1,0.1,12
LSM018_2_100_13.tif,LSM018,2,0.1,0.1,13
LSM018_2_100_14.tif,LSM018,2,0.1,0.1,14
LSM018_2_100_15.tif,LSM018,2,0.1,0.1,15
LSM018_2_100_16.tif,LSM018,2,0.1,0.1,16
LSM018_2_100_17.tif,LSM018,2,0.1,0.1,17
LSM018_2_100_18.tif,LSM018,2,0.1,0.1,18
LSM018_2_100_19.tif,LSM018,2,0.1,0.1,19
LSM018_2_100_20.tif,LSM018,2,0.1,0.1,20
LSM018_2_100_21.tif,LSM018,2,0.1,0.1,21
LSM018_2_100_22.tif,LSM018,2,0.1,0.1,22
LSM018_2_100_23.tif,LSM018,2,0.1,0.1,23
LSM018_2_100_24.tif,LSM018,2,0.1,0.1,24
LSM018_2_100_25.tif,LSM018,2,0.1,0.1,25
LSM018_3_200_16.tif,LSM018,3,0.1,0.2,16
LSM018_3_200_18.tif,LSM018,3,0.1,0.2,18
LSM018_3_200_20.tif,LSM018,3,0.1,0.2,20
LSM018_3_200_22.tif,LSM018,3,0.1,0.2,22
LSM018_3_200_7.tif,LSM018,3,0.1,0.2,7
LSM019_1_100_10.tif,LSM019,1,0.1,0.1,10
LSM019_1_100_11.tif,LSM019,1,0.1,0.1,11
LSM019_1_100_22.tif,LSM019,1,0.1,0.1,22
LSM019_1_100_25.tif,LSM019,1,0.1,0.1,25
LSM020_6_100_10.tif,LSM020,6,0.1,0.1,10
LSM020_6_100_11.tif,LSM020,6,0.1,0.1,11
LSM020_6_100_12.tif,LSM020,6,0.1,0.1,12
LSM020_6_100_13.tif,LSM020,6,0.1,0.1,13
LSM020_6_100_15.tif,LSM020,6,0.1,0.1,15
LSM020_6_100_16.tif,LSM020,6,0.1,0.1,16
LSM020_6_100_17.tif,LSM020,6,0.1,0.1,17
LSM020_6_100_18.tif,LSM020,6,0.1,0.1,18
LSM020_6_100_19.tif,LSM020,6,0.1,0.1,19
LSM020_6_100_20.tif,LSM020,6,0.1,0.1,20
LSM020_6_100_21.tif,LSM020,6,0.1,0.1,21
LSM020_6_100_25.tif,LSM020,6,0.1,0.1,25
LSM020_6_100_26.tif,LSM020,6,0.1,0.1,26
LSM020_6_100_27.tif,LSM020,6,0.1,0.1,27
LSM020_6_100_29.tif,LSM020,6,0.1,0.1,29
LSM020_6_100_8.tif,LSM020,6,0.1,0.1,8
LSM020_6_100_9.tif,LSM020,6,0.1,0.1,9
LSM020_7_100_10.tif,LSM020,7,0.1,0.1,10
LSM020_7_100_11.tif,LSM020,7,0.1,0.1,11
LSM020_7_100_12.tif,LSM020,7,0.1,0.1,12
LSM020_7_100_13.tif,LSM020,7,0.1,0.1,13
LSM020_7_100_14.tif,LSM020,7,0.1,0.1,14
LSM020_7_100_15.tif,LSM020,7,0.1,0.1,15
LSM020_7_100_16.tif,LSM020,7,0.1,0.1,16
LSM020_7_100_17.tif,LSM020,7,0.1,0.1,17
LSM020_7_100_18.tif,LSM020,7,0.1,0.1,18
LSM020_7_100_19.tif,LSM020,7,0.1,0.1,19
LSM020_7_100_20.tif,LSM020,7,0.1,0.1,20
LSM020_7_100_21.tif,LSM020,7,0.1,0.1,21
LSM020_7_100_22.tif,LSM020,7,0.1,0.1,22
LSM020_7_100_23.tif,LSM020,7,0.1,0.1,23
LSM020_7_100_24.tif,LSM020,7,0.1,0.1,24
LSM020_7_100_25.tif,LSM020,7,0.1,0.1,25
LSM020_7_100_26.tif,LSM020,7,0.1,0.1,26
LSM020_7_100_27.tif,LSM020,7,0.1,0.1,27
LSM020_7_100_28.tif,LSM020,7,0.1,0.1,28
LSM020_7_100_29.tif,LSM020,7,0.1,0.1,29
LSM020_7_100_8.tif,LSM020,7,0.1,0.1,8
LSM020_7_100_9.tif,LSM020,7,0.1,0.1,9
LSM020_8_100_10.tif,LSM020,8,0.1,0.1,10
LSM020_8_100_11.tif,LSM020,8,0.1,0.1,11
LSM020_8_100_12.tif,LSM020,8,0.1,0.1,12
LSM020_8_100_13.tif,LSM020,8,0.1,0.1,13
LSM020_8_100_14.tif,LSM020,8,0.1,0.1,14
LSM020_8_100_15.tif,LSM020,8,0.1,0.1,15
LSM020_8_100_16.tif,LSM020,8,0.1,0.1,16
LSM020_8_100_17.tif,LSM020,8,0.1,0.1,17
LSM020_8_100_18.tif,LSM020,8,0.1,0.1,18
LSM020_8_100_19.tif,LSM020,8,0.1,0.1,19
LSM020_8_100_20.tif,LSM020,8,0.1,0.1,20
LSM020_8_100_21.tif,LSM020,8,0.1,0.1,21
LSM021_2_100_27.tif,LSM021,2,0.1,0.1,27
LSM021_2_100_28.tif,LSM021,2,0.1,0.1,28
LSM021_2_100_29.tif,LSM021,2,0.1,0.1,29
LSM021_2_100_30.tif,LSM021,2,0.1,0.1,30
LSM021_2_100_31.tif,LSM021,2,0.1,0.1,31
LSM021_2_100_32.tif,LSM021,2,0.1,0.1,32
LSM021_2_100_33.tif,LSM021,2,0.1,0.1,33
LSM021_2_100_34.tif,LSM021,2,0.1,0.1,34
LSM021_2_100_35.tif,LSM021,2,0.1,0.1,35
LSM021_2_100_36.tif,LSM021,2,0.1,0.1,36
LSM021_2_100_37.tif,LSM021,2,0.1,0.1,37
LSM021_2_100_38.tif,LSM021,2,0.1,0.1,38
LSM022_2_150_10.tif,LSM022,2,0.1,0.15,10
LSM022_2_150_11.tif,LSM022,2,0.1,0.15,11
LSM022_2_150_12.tif,LSM022,2,0.1,0.15,12
LSM022_2_150_16.tif,LSM022,2,0.1,0.15,16
LSM022_2_150_17.tif,LSM022,2,0.1,0.15,17
LSM022_2_150_18.tif,LSM022,2,0.1,0.15,18
LSM022_2_150_19.tif,LSM022,2,0.1,0.15,19
LSM022_2_150_20.tif,LSM022,2,0.1,0.15,20
LSM022_3_120_11.tif,LSM022,3,0.1,0.12,11
LSM022_3_120_15.tif,LSM022,3,0.1,0.12,15
LSM022_3_120_19.tif,LSM022,3,0.1,0.12,19
LSM022_3_120_4.tif,LSM022,3,0.1,0.12,4
LSM022_3_120_5.tif,LSM022,3,0.1,0.12,5
LSM022_3_120_6.tif,LSM022,3,0.1,0.12,6
LSM022_3_120_7.tif,LSM022,3,0.1,0.12,7
LSM022_3_120_8.tif,LSM022,3,0.1,0.12,8
LSM022_3_120_9.tif,LSM022,3,0.1,0.12,9
LSM022_4_120_10.tif,LSM022,4,0.1,0.12,10
LSM022_4_120_11.tif,LSM022,4,0.1,0.12,11
LSM022_4_120_12.tif,LSM022,4,0.1,0.12,12
LSM022_4_120_6.tif,LSM022,4,0.1,0.12,6
LSM022_5_120_10.tif,LSM022,5,0.1,0.12,10
LSM022_5_120_11.tif,LSM022,5,0.1,0.12,11
LSM022_5_120_13.tif,LSM022,5,0.1,0.12,13
LSM022_6_120_0.tif,LSM022,6,0.1,0.12,0
LSM022_6_120_1.tif,LSM022,6,0.1,0.12,1
LSM022_6_120_11.tif,LSM022,6,0.1,0.12,11
LSM022_6_120_12.tif,LSM022,6,0.1,0.12,12
LSM022_6b_120_13.tif,LSM022,6b,0.1,0.12,13
LSM022_6b_120_16.tif,LSM022,6b,0.1,0.12,16
LSM022_6b_120_11.tif,LSM022,6b,0.1,0.12,11
LSM022_6b_120_14.tif,LSM022,6b,0.1,0.12,14
LSM023_3_120_10.tif,LSM023,3,0.1,0.12,10
LSM023_3_120_11.tif,LSM023,3,0.1,0.12,11
LSM023_3_120_12.tif,LSM023,3,0.1,0.12,12
LSM023_3_120_13.tif,LSM023,3,0.1,0.12,13
LSM023_3_120_15.tif,LSM023,3,0.1,0.12,15
LSM023_3_120_16.tif,LSM023,3,0.1,0.12,16
LSM023_3_120_17.tif,LSM023,3,0.1,0.12,17
LSM023_3_120_18.tif,LSM023,3,0.1,0.12,18
LSM023_3_120_21.tif,LSM023,3,0.1,0.12,21
LSM023_3_120_22.tif,LSM023,3,0.1,0.12,22
LSM023_3_120_23.tif,LSM023,3,0.1,0.12,23
LSM023_3_120_24.tif,LSM023,3,0.1,0.12,24
LSM023_3_120_25.tif,LSM023,3,0.1,0.12,25
LSM023_3_120_26.tif,LSM023,3,0.1,0.12,26
LSM023_3_120_6.tif,LSM023,3,0.1,0.12,6
LSM023_3_120_7.tif,LSM023,3,0.1,0.12,7
LSM023_3_120_8.tif,LSM023,3,0.1,0.12,8
LSM023_3_120_9.tif,LSM023,3,0.1,0.12,9
LSM023_4_120_1.tif,LSM023,4,0.1,0.12,1
LSM023_4_120_12.tif,LSM023,4,0.1,0.12,12
LSM023_4_120_14.tif,LSM023,4,0.1,0.12,14
LSM023_4_120_2.tif,LSM023,4,0.1,0.12,2
LSM023_4_120_5.tif,LSM023,4,0.1,0.12,5
LSM023_4_120_6.tif,LSM023,4,0.1,0.12,6
LSM024_1_100_28.tif,LSM024,1,0.1,0.1,28
LSM024_3_110_1.tif,LSM024,3,0.1,0.11,1
LSM024_3_110_10.tif,LSM024,3,0.1,0.11,10
LSM024_3_110_11.tif,LSM024,3,0.1,0.11,11
LSM024_3_110_12.tif,LSM024,3,0.1,0.11,12
LSM024_3_110_13.tif,LSM024,3,0.1,0.11,13
LSM024_3_110_14.tif,LSM024,3,0.1,0.11,14
LSM024_4_110_10.tif,LSM024,4,0.1,0.11,10
LSM024_4_110_19.tif,LSM024,4,0.1,0.11,19
LSM024_4_110_2.tif,LSM024,4,0.1,0.11,2
LSM024_4_110_20.tif,LSM024,4,0.1,0.11,20
LSM024_4_110_21.tif,LSM024,4,0.1,0.11,21
LSM024_4_110_4.tif,LSM024,4,0.1,0.11,4
LSM024_4_110_9.tif,LSM024,4,0.1,0.11,9
LSM024_5_110_1.tif,LSM024,5,0.1,0.11,1
LSM024_5_110_13.tif,LSM024,5,0.1,0.11,13
LSM024_5_110_14.tif,LSM024,5,0.1,0.11,14
LSM024_5_110_15.tif,LSM024,5,0.1,0.11,15
LSM024_5_110_16.tif,LSM024,5,0.1,0.11,16
LSM024_5_110_17.tif,LSM024,5,0.1,0.11,17
LSM024_5_110_18.tif,LSM024,5,0.1,0.11,18
LSM024_5_110_19.tif,LSM024,5,0.1,0.11,19
LSM024_5_110_20.tif,LSM024,5,0.1,0.11,20
LSM024_5_110_21.tif,LSM024,5,0.1,0.11,21
LSM024_5_110_22.tif,LSM024,5,0.1,0.11,22
LSM024_5_110_26.tif,LSM024,5,0.1,0.11,26
LSM024_5_110_27.tif,LSM024,5,0.1,0.11,27
LSM024_5_110_30.tif,LSM024,5,0.1,0.11,30
LSM024_5_110_5.tif,LSM024,5,0.1,0.11,5
LSM024_5_110_6.tif,LSM024,5,0.1,0.11,6
LSM024_5_110_7.tif,LSM024,5,0.1,0.11,7
LSM025_1b_100_10.tif,LSM025,1b,0.1,0.1,10
LSM025_1b_100_11.tif,LSM025,1b,0.1,0.1,11
LSM025_1b_100_12.tif,LSM025,1b,0.1,0.1,12
LSM025_1b_100_4.tif,LSM025,1b,0.1,0.1,4
LSM025_1b_100_5.tif,LSM025,1b,0.1,0.1,5
LSM025_1b_100_6.tif,LSM025,1b,0.1,0.1,6
LSM025_1b_100_8.tif,LSM025,1b,0.1,0.1,8
LSM025_4_100_20.tif,LSM025,4,0.1,0.1,20
LSM025_4_100_32.tif,LSM025,4,0.1,0.1,32
LSM025_4_100_34.tif,LSM025,4,0.1,0.1,34
LSM025_4_100_35.tif,LSM025,4,0.1,0.1,35
LSM025_4_100_36.tif,LSM025,4,0.1,0.1,36
LSM025_4_100_38.tif,LSM025,4,0.1,0.1,38
LSM025_4_100_39.tif,LSM025,4,0.1,0.1,39
LSM025_4_100_40.tif,LSM025,4,0.1,0.1,40
LSM025_4_100_43.tif,LSM025,4,0.1,0.1,43
LSM025_4_100_44.tif,LSM025,4,0.1,0.1,44
LSM025_4_100_45.tif,LSM025,4,0.1,0.1,45
LSM026_1_100_10.tif,LSM026,1,0.1,0.1,10
LSM026_1_100_14.tif,LSM026,1,0.1,0.1,14
LSM026_1_100_15.tif,LSM026,1,0.1,0.1,15
LSM026_1_100_16.tif,LSM026,1,0.1,0.1,16
LSM026_1_100_17.tif,LSM026,1,0.1,0.1,17
LSM026_1_100_18.tif,LSM026,1,0.1,0.1,18
LSM026_1_100_19.tif,LSM026,1,0.1,0.1,19
LSM026_1_100_20.tif,LSM026,1,0.1,0.1,20
LSM026_1_100_21.tif,LSM026,1,0.1,0.1,21
LSM027_1_100_11.tif,LSM027,1,0.1,0.1,11
LSM027_1_100_12.tif,LSM027,1,0.1,0.1,12
LSM027_1_100_14.tif,LSM027,1,0.1,0.1,14
LSM027_1_100_15.tif,LSM027,1,0.1,0.1,15
LSM027_1_100_16.tif,LSM027,1,0.1,0.1,16
LSM027_1_100_17.tif,LSM027,1,0.1,0.1,17
LSM027_1_100_18.tif,LSM027,1,0.1,0.1,18
LSM027_1_100_19.tif,LSM027,1,0.1,0.1,19
LSM027_1_100_20.tif,LSM027,1,0.1,0.1,20
LSM027_2_100_10.tif,LSM027,2,0.1,0.1,10
LSM027_2_100_12.tif,LSM027,2,0.1,0.1,12
LSM027_2_100_13.tif,LSM027,2,0.1,0.1,13
LSM027_2_100_14.tif,LSM027,2,0.1,0.1,14
LSM027_2_100_15.tif,LSM027,2,0.1,0.1,15
LSM027_2_100_16.tif,LSM027,2,0.1,0.1,16
LSM027_2_100_17.tif,LSM027,2,0.1,0.1,17
LSM027_2_100_18.tif,LSM027,2,0.1,0.1,18
LSM027_2_100_19.tif,LSM027,2,0.1,0.1,19
LSM027_2_100_20.tif,LSM027,2,0.1,0.1,20
LSM027_2_100_8.tif,LSM027,2,0.1,0.1,8
LSM027_2_100_9.tif,LSM027,2,0.1,0.1,9
LSM027_3_100_18.tif,LSM027,3,0.1,0.1,18
LSM027_3_100_20.tif,LSM027,3,0.1,0.1,20
LSM027_3_100_21.tif,LSM027,3,0.1,0.1,21
LSM028_1_100_15.tif,LSM028,1,0.1,0.1,15
LSM028_4_100_16.tif,LSM028,4,0.1,0.1,16
LSM028_4_100_17.tif,LSM028,4,0.1,0.1,17
LSM028_4_100_18.tif,LSM028,4,0.1,0.1,18
LSM028_4_100_19.tif,LSM028,4,0.1,0.1,19
LSM028_4_100_29.tif,LSM028,4,0.1,0.1,29
LSM028_4_100_30.tif,LSM028,4,0.1,0.1,30
LSM028_4_100_31.tif,LSM028,4,0.1,0.1,31
LSM028_4_100_32.tif,LSM028,4,0.1,0.1,32
LSM028_4_100_34.tif,LSM028,4,0.1,0.1,34
LSM028_4_100_36.tif,LSM028,4,0.1,0.1,36
LSM028_4_100_37.tif,LSM028,4,0.1,0.1,37
LSM028_4_100_38.tif,LSM028,4,0.1,0.1,38
LSM028_4_100_39.tif,LSM028,4,0.1,0.1,39
LSM029_1a_100_30.tif,LSM029,1a,0.1,0.1,30
LSM029_1a_100_31.tif,LSM029,1a,0.1,0.1,31
LSM029_1a_100_32.tif,LSM029,1a,0.1,0.1,32
LSM029_1a_100_33.tif,LSM029,1a,0.1,0.1,33
LSM029_2_100_18.tif,LSM029,2,0.1,0.1,18
LSM029_2_100_7.tif,LSM029,2,0.1,0.1,7
LSM029_2_100_8.tif,LSM029,2,0.1,0.1,8
LSM029_2_100_9.tif,LSM029,2,0.1,0.1,9
LSM029_3_100_10.tif,LSM029,3,0.1,0.1,10
LSM029_3_100_11.tif,LSM029,3,0.1,0.1,11
LSM029_3_100_12.tif,LSM029,3,0.1,0.1,12
LSM029_3_100_13.tif,LSM029,3,0.1,0.1,13
LSM029_3_100_14.tif,LSM029,3,0.1,0.1,14
LSM029_3_100_15.tif,LSM029,3,0.1,0.1,15
LSM029_3_100_16.tif,LSM029,3,0.1,0.1,16
LSM029_3_100_17.tif,LSM029,3,0.1,0.1,17
LSM029_3_100_18.tif,LSM029,3,0.1,0.1,18
LSM029_3_100_19.tif,LSM029,3,0.1,0.1,19
LSM029_3_100_20.tif,LSM029,3,0.1,0.1,20
LSM029_3_100_21.tif,LSM029,3,0.1,0.1,21
LSM029_3_100_22.tif,LSM029,3,0.1,0.1,22
LSM029_3_100_23.tif,LSM029,3,0.1,0.1,23
LSM029_3_100_24.tif,LSM029,3,0.1,0.1,24
LSM029_3_100_27.tif,LSM029,3,0.1,0.1,27
LSM029_3_100_29.tif,LSM029,3,0.1,0.1,29
LSM029_3_100_31.tif,LSM029,3,0.1,0.1,31
LSM029_4_100_14.tif,LSM029,4,0.1,0.1,14
LSM029_4_100_15.tif,LSM029,4,0.1,0.1,15
LSM029_4_100_16.tif,LSM029,4,0.1,0.1,16
LSM029_4_100_17.tif,LSM029,4,0.1,0.1,17
LSM029_4_100_22.tif,LSM029,4,0.1,0.1,22
LSM029_4_100_23.tif,LSM029,4,0.1,0.1,23
LSM029_4_100_24.tif,LSM029,4,0.1,0.1,24
LSM029_4_100_25.tif,LSM029,4,0.1,0.1,25
LSM029_4_100_26.tif,LSM029,4,0.1,0.1,26
LSM029_4_100_27.tif,LSM029,4,0.1,0.1,27
LSM029_4_100_28.tif,LSM029,4,0.1,0.1,28
LSM029_4_100_29.tif,LSM029,4,0.1,0.1,29
LSM029_4_100_30.tif,LSM029,4,0.1,0.1,30
LSM029_4_100_31.tif,LSM029,4,0.1,0.1,31
LSM029_4_100_32.tif,LSM029,4,0.1,0.1,32
LSM029_4_100_33.tif,LSM029,4,0.1,0.1,33
LSM029_4_100_34.tif,LSM029,4,0.1,0.1,34
LSM029_4_100_35.tif,LSM029,4,0.1,0.1,35
LSM029_4_100_36.tif,LSM029,4,0.1,0.1,36
LSM029_4_100_37.tif,LSM029,4,0.1,0.1,37
LSM029_4_100_38.tif,LSM029,4,0.1,0.1,38
LSM029_4_100_39.tif,LSM029,4,0.1,0.1,39
LSM029_4_100_40.tif,LSM029,4,0.1,0.1,40
LSM029_4_100_41.tif,LSM029,4,0.1,0.1,41
LSM029_4_100_42.tif,LSM029,4,0.1,0.1,42
LSM029_4_100_44.tif,LSM029,4,0.1,0.1,44
LSM030_1_100_10.tif,LSM030,1,0.1,0.1,10
LSM030_1_100_11.tif,LSM030,1,0.1,0.1,11
LSM030_1_100_12.tif,LSM030,1,0.1,0.1,12
LSM030_1_100_13.tif,LSM030,1,0.1,0.1,13
LSM030_1_100_14.tif,LSM030,1,0.1,0.1,14
LSM030_1_100_15.tif,LSM030,1,0.1,0.1,15
LSM030_1_100_7.tif,LSM030,1,0.1,0.1,7
LSM030_1_100_8.tif,LSM030,1,0.1,0.1,8
LSM030_1_100_9.tif,LSM030,1,0.1,0.1,9
LSM030_2_100_10.tif,LSM030,2,0.1,0.1,10
LSM030_2_100_11.tif,LSM030,2,0.1,0.1,11
LSM030_2_100_12.tif,LSM030,2,0.1,0.1,12
LSM030_2_100_39.tif,LSM030,2,0.1,0.1,39
LSM030_2_100_7.tif,LSM030,2,0.1,0.1,7
LSM030_2_100_8.tif,LSM030,2,0.1,0.1,8
LSM030_2_100_9.tif,LSM030,2,0.1,0.1,9
LSM030_3_100_19.tif,LSM030,3,0.1,0.1,19
LSM030_3_100_20.tif,LSM030,3,0.1,0.1,20
LSM030_3_100_21.tif,LSM030,3,0.1,0.1,21
LSM030_3_100_22.tif,LSM030,3,0.1,0.1,22
LSM030_3_100_23.tif,LSM030,3,0.1,0.1,23
LSM030_3_100_24.tif,LSM030,3,0.1,0.1,24
LSM030_3_100_25.tif,LSM030,3,0.1,0.1,25
LSM030_3_100_26.tif,LSM030,3,0.1,0.1,26
LSM031_1_100_1.tif,LSM031,1,0.1,0.1,1
LSM031_1_100_2.tif,LSM031,1,0.1,0.1,2
LSM031_2_100_2.tif,LSM031,2,0.1,0.1,2
LSM031_2_100_23.tif,LSM031,2,0.1,0.1,23
LSM031_2_100_25.tif,LSM031,2,0.1,0.1,25
LSM031_2_100_26.tif,LSM031,2,0.1,0.1,26
LSM031_2_100_27.tif,LSM031,2,0.1,0.1,27
LSM031_2_100_28.tif,LSM031,2,0.1,0.1,28
LSM031_2_100_29.tif,LSM031,2,0.1,0.1,29
LSM031_2_100_30.tif,LSM031,2,0.1,0.1,30
LSM031_3_150_14.tif,LSM031,3,0.1,0.15,14
LSM031_3_150_15.tif,LSM031,3,0.1,0.15,15
LSM031_3_150_19.tif,LSM031,3,0.1,0.15,19
LSM031_3_150_20.tif,LSM031,3,0.1,0.15,20
LSM031_3_150_21.tif,LSM031,3,0.1,0.15,21
LSM031_3_150_22.tif,LSM031,3,0.1,0.15,22
LSM031_3_150_23.tif,LSM031,3,0.1,0.15,23
LSM031_3_150_25.tif,LSM031,3,0.1,0.15,25
LSM031_4_150_11.tif,LSM031,4,0.1,0.15,11
LSM031_4_150_12.tif,LSM031,4,0.1,0.15,12
LSM031_4_150_13.tif,LSM031,4,0.1,0.15,13
LSM031_4_150_14.tif,LSM031,4,0.1,0.15,14
LSM031_4_150_16.tif,LSM031,4,0.1,0.15,16
LSM031_4_150_18.tif,LSM031,4,0.1,0.15,18
LSM031_4_150_19.tif,LSM031,4,0.1,0.15,19
LSM031_4_150_20.tif,LSM031,4,0.1,0.15,20
LSM031_4_150_23.tif,LSM031,4,0.1,0.15,23
LSM031_4_150_24.tif,LSM031,4,0.1,0.15,24
LSM031_4_150_25.tif,LSM031,4,0.1,0.15,25
LSM031_4_150_28.tif,LSM031,4,0.1,0.15,28
LSM031_5_150_17.tif,LSM031,5,0.1,0.15,17
LSM031_5_150_18.tif,LSM031,5,0.1,0.15,18
LSM031_5_150_19.tif,LSM031,5,0.1,0.15,19
LSM031_5_150_20.tif,LSM031,5,0.1,0.15,20
LSM031_5_150_31.tif,LSM031,5,0.1,0.15,31
LSM031_5_150_32.tif,LSM031,5,0.1,0.15,32
LSM031_5_150_33.tif,LSM031,5,0.1,0.15,33
LSM031_5_150_34.tif,LSM031,5,0.1,0.15,34
LSM031_5_150_37.tif,LSM031,5,0.1,0.15,37
LSM031_5_150_39.tif,LSM031,5,0.1,0.15,39
LSM032_1_100_16.tif,LSM032,1,0.1,0.1,16
LSM032_1_100_17.tif,LSM032,1,0.1,0.1,17
LSM032_1_100_18.tif,LSM032,1,0.1,0.1,18
LSM033_1_100_16.tif,LSM033,1,0.1,0.1,16
LSM033_1_100_17.tif,LSM033,1,0.1,0.1,17
LSM033_1_100_18.tif,LSM033,1,0.1,0.1,18
LSM033_1_100_19.tif,LSM033,1,0.1,0.1,19
LSM033_1_150_10.tif,LSM033,1,0.1,0.15,10
LSM033_1_150_11.tif,LSM033,1,0.1,0.15,11
LSM033_1_150_12.tif,LSM033,1,0.1,0.15,12
LSM033_1_150_13.tif,LSM033,1,0.1,0.15,13
LSM033_1_150_14.tif,LSM033,1,0.1,0.15,14
LSM033_1_150_15.tif,LSM033,1,0.1,0.15,15
LSM033_1_150_16.tif,LSM033,1,0.1,0.15,16
LSM033_1_150_17.tif,LSM033,1,0.1,0.15,17
LSM033_1_150_18.tif,LSM033,1,0.1,0.15,18
LSM033_1_150_19.tif,LSM033,1,0.1,0.15,19
LSM033_1_150_20.tif,LSM033,1,0.1,0.15,20
LSM033_1_150_21.tif,LSM033,1,0.1,0.15,21
LSM033_1_150_22.tif,LSM033,1,0.1,0.15,22
LSM033_1_150_28.tif,LSM033,1,0.1,0.15,28
LSM033_1_150_4.tif,LSM033,1,0.1,0.15,4
LSM033_1_150_5.tif,LSM033,1,0.1,0.15,5
LSM033_1_150_6.tif,LSM033,1,0.1,0.15,6
LSM033_1_150_9.tif,LSM033,1,0.1,0.15,9
LSM033_2_150_15.tif,LSM033,2,0.1,0.15,15
LSM033_2_150_16.tif,LSM033,2,0.1,0.15,16
LSM033_2_150_17.tif,LSM033,2,0.1,0.15,17
LSM033_2_150_18.tif,LSM033,2,0.1,0.15,18
LSM033_2_150_19.tif,LSM033,2,0.1,0.15,19
LSM033_3_150_14.tif,LSM033,3,0.1,0.15,14
LSM033_3_150_15.tif,LSM033,3,0.1,0.15,15
LSM033_3_150_16.tif,LSM033,3,0.1,0.15,16
LSM033_3_150_17.tif,LSM033,3,0.1,0.15,17
LSM033_3_150_18.tif,LSM033,3,0.1,0.15,18
LSM033_3_150_19.tif,LSM033,3,0.1,0.15,19
LSM033_3_150_21.tif,LSM033,3,0.1,0.15,21
LSM033_3_150_22.tif,LSM033,3,0.1,0.15,22
LSM033_3_150_23.tif,LSM033,3,0.1,0.15,23
LSM033_3_150_24.tif,LSM033,3,0.1,0.15,24
LSM033_3_150_25.tif,LSM033,3,0.1,0.15,25
LSM033_3_150_26.tif,LSM033,3,0.1,0.15,26
LSM033_3_150_27.tif,LSM033,3,0.1,0.15,27
LSM033_3_150_28.tif,LSM033,3,0.1,0.15,28
LSM033_3_150_34.tif,LSM033,3,0.1,0.15,34
LSM033_3_150_35.tif,LSM033,3,0.1,0.15,35
LSM033_4_150_10.tif,LSM033,4,0.1,0.15,10
LSM033_4_150_11.tif,LSM033,4,0.1,0.15,11
LSM033_4_150_12.tif,LSM033,4,0.1,0.15,12
LSM033_4_150_16.tif,LSM033,4,0.1,0.15,16
LSM033_4_150_17.tif,LSM033,4,0.1,0.15,17
LSM033_4_150_18.tif,LSM033,4,0.1,0.15,18
LSM033_4_150_19.tif,LSM033,4,0.1,0.15,19
LSM033_4_150_20.tif,LSM033,4,0.1,0.15,20
LSM033_4_150_21.tif,LSM033,4,0.1,0.15,21
LSM033_4_150_22.tif,LSM033,4,0.1,0.15,22
LSM033_4_150_4.tif,LSM033,4,0.1,0.15,4
LSM033_4_150_5.tif,LSM033,4,0.1,0.15,5
LSM033_4_150_6.tif,LSM033,4,0.1,0.15,6
